adjacent_overlap_all_sent,adjacent_overlap_all_sent_div_seg,adjacent_overlap_binary_all_sent,adjacent_overlap_cw_sent,adjacent_overlap_cw_sent_div_seg,adjacent_overlap_binary_cw_sent,adjacent_overlap_verb_sent,adjacent_overlap_verb_sent_div_seg,adjacent_overlap_binary_verb_sent,adjacent_overlap_argument_sent,adjacent_overlap_argument_sent_div_seg,adjacent_overlap_binary_argument_sent,basic_connectives,conjunctions,disjunctions,lexical_subordinators,coordinating_conjuncts,addition,sentence_linking,order,reason_and_purpose,all_causal,positive_causal,opposition,determiners,all_demonstratives,attended_demonstratives,unattended_demonstratives,all_additive,all_logical,positive_logical,negative_logical,all_temporal,positive_intentional,all_positive,all_negative,all_connective
0.0935672514619883,0.4,0.25,0.04225352112676056,0.075,0.075,0.0,0.0,0.0,0.0625,0.075,0.075,0.096045197740113,0.0903954802259887,0.0,0.005649717514124294,0.005649717514124294,0.11864406779661017,0.03389830508474576,0.02824858757062147,0.005649717514124294,0.011299435028248588,0.03954802259887006,0.005649717514124294,0.11299435028248588,0.005649717514124294,0.0,0.005649717514124294,0.0903954802259887,0.03389830508474576,0.03389830508474576,0.0,0.02824858757062147,0.0,0.13559322033898305,0.0,0.12429378531073447
0.11351351351351352,0.5,0.3333333333333333,0.04938271604938271,0.09523809523809523,0.07142857142857142,0.04,0.023809523809523808,0.023809523809523808,0.08928571428571429,0.11904761904761904,0.11904761904761904,0.07177033492822966,0.07177033492822966,0.0,0.0,0.0,0.08133971291866028,0.023923444976076555,0.014354066985645933,0.0,0.004784688995215311,0.019138755980861243,0.009569377990430622,0.15789473684210525,0.004784688995215311,0.004784688995215311,0.0,0.0861244019138756,0.028708133971291867,0.019138755980861243,0.009569377990430622,0.014354066985645933,0.004784688995215311,0.0861244019138756,0.009569377990430622,0.10526315789473684
0.11224489795918367,0.6111111111111112,0.3333333333333333,0.025,0.05555555555555555,0.05555555555555555,0.0,0.0,0.0,0.029411764705882353,0.05555555555555555,0.05555555555555555,0.08108108108108109,0.08108108108108109,0.0,0.009009009009009009,0.0,0.08108108108108109,0.009009009009009009,0.0,0.009009009009009009,0.0,0.0,0.0,0.12612612612612611,0.009009009009009009,0.0,0.009009009009009009,0.08108108108108109,0.0,0.0,0.0,0.009009009009009009,0.0,0.09009009009009009,0.0,0.09009009009009009
0.06779661016949153,0.34285714285714286,0.14285714285714285,0.02531645569620253,0.05714285714285714,0.05714285714285714,0.045454545454545456,0.02857142857142857,0.02857142857142857,0.058823529411764705,0.08571428571428572,0.08571428571428572,0.11052631578947368,0.10526315789473684,0.005263157894736842,0.0,0.0,0.14210526315789473,0.03684210526315789,0.03684210526315789,0.0,0.010526315789473684,0.05263157894736842,0.010526315789473684,0.08421052631578947,0.005263157894736842,0.0,0.005263157894736842,0.11052631578947368,0.042105263157894736,0.03684210526315789,0.0,0.03684210526315789,0.010526315789473684,0.15263157894736842,0.005263157894736842,0.15789473684210525
0.2383177570093458,1.9615384615384615,0.5384615384615384,0.18181818181818182,0.6153846153846154,0.3076923076923077,0.09523809523809523,0.07692307692307693,0.07692307692307693,0.21794871794871795,0.6538461538461539,0.46153846153846156,0.06666666666666667,0.058823529411764705,0.0,0.00392156862745098,0.00784313725490196,0.06666666666666667,0.011764705882352941,0.01568627450980392,0.0,0.011764705882352941,0.011764705882352941,0.0,0.12156862745098039,0.00784313725490196,0.00392156862745098,0.00392156862745098,0.06666666666666667,0.01568627450980392,0.011764705882352941,0.0,0.01568627450980392,0.00392156862745098,0.09019607843137255,0.0,0.08627450980392157
0.1375,0.6875,0.28125,0.08860759493670886,0.21875,0.15625,0.0,0.0,0.0,0.16666666666666666,0.25,0.1875,0.07027027027027027,0.05945945945945946,0.0,0.005405405405405406,0.010810810810810811,0.0918918918918919,0.032432432432432434,0.03783783783783784,0.0,0.010810810810810811,0.02702702702702703,0.0,0.13513513513513514,0.005405405405405406,0.005405405405405406,0.0,0.08108108108108109,0.03783783783783784,0.032432432432432434,0.0,0.03783783783783784,0.0,0.11351351351351352,0.0,0.11351351351351352
0.14691943127962084,0.7654320987654321,0.3950617283950617,0.09239130434782608,0.20987654320987653,0.18518518518518517,0.0392156862745098,0.024691358024691357,0.024691358024691357,0.112,0.1728395061728395,0.16049382716049382,0.0641025641025641,0.057692307692307696,0.002136752136752137,0.002136752136752137,0.004273504273504274,0.0811965811965812,0.029914529914529916,0.027777777777777776,0.004273504273504274,0.004273504273504274,0.023504273504273504,0.002136752136752137,0.11538461538461539,0.008547008547008548,0.0,0.008547008547008548,0.06623931623931624,0.029914529914529916,0.027777777777777776,0.0,0.03205128205128205,0.0,0.09615384615384616,0.002136752136752137,0.09401709401709402
0.1444043321299639,0.7017543859649122,0.42105263157894735,0.04,0.07017543859649122,0.07017543859649122,0.0,0.0,0.0,0.13793103448275862,0.21052631578947367,0.19298245614035087,0.054140127388535034,0.054140127388535034,0.0,0.006369426751592357,0.0,0.054140127388535034,0.01592356687898089,0.006369426751592357,0.0031847133757961785,0.0,0.006369426751592357,0.009554140127388535,0.12420382165605096,0.0,0.0,0.0,0.054140127388535034,0.01592356687898089,0.006369426751592357,0.006369426751592357,0.009554140127388535,0.0031847133757961785,0.06050955414012739,0.006369426751592357,0.06369426751592357
0.046511627906976744,0.2,0.2,0.0,0.0,0.0,0.0,0.0,0.0,0.0,0.0,0.0,0.11538461538461539,0.11538461538461539,0.0,0.0,0.0,0.11538461538461539,0.0,0.0,0.0,0.0,0.0,0.0,0.038461538461538464,0.0,0.0,0.0,0.11538461538461539,0.0,0.0,0.0,0.0,0.0,0.11538461538461539,0.0,0.11538461538461539
0.08235294117647059,0.4117647058823529,0.23529411764705882,0.05263157894736842,0.11764705882352941,0.11764705882352941,0.0,0.0,0.0,0.08333333333333333,0.17647058823529413,0.17647058823529413,0.021739130434782608,0.021739130434782608,0.0,0.0,0.0,0.021739130434782608,0.0,0.0,0.0,0.0,0.0,0.0,0.10869565217391304,0.010869565217391304,0.0,0.010869565217391304,0.021739130434782608,0.0,0.0,0.0,0.0,0.0,0.021739130434782608,0.0,0.021739130434782608
0.13702623906705538,0.7704918032786885,0.39344262295081966,0.08695652173913043,0.22950819672131148,0.16393442622950818,0.03333333333333333,0.01639344262295082,0.01639344262295082,0.1349206349206349,0.2786885245901639,0.19672131147540983,0.07046070460704607,0.056910569105691054,0.01084010840108401,0.0,0.0027100271002710027,0.07317073170731707,0.024390243902439025,0.02168021680216802,0.0,0.0027100271002710027,0.02168021680216802,0.013550135501355014,0.10569105691056911,0.005420054200542005,0.0027100271002710027,0.0027100271002710027,0.07046070460704607,0.032520325203252036,0.018970189701897018,0.0027100271002710027,0.02168021680216802,0.0,0.07859078590785908,0.013550135501355014,0.08943089430894309
0.07547169811320754,0.36363636363636365,0.09090909090909091,0.06451612903225806,0.18181818181818182,0.09090909090909091,0.09090909090909091,0.09090909090909091,0.09090909090909091,0.05555555555555555,0.09090909090909091,0.09090909090909091,0.09523809523809523,0.09523809523809523,0.0,0.0,0.0,0.12698412698412698,0.031746031746031744,0.031746031746031744,0.0,0.0,0.031746031746031744,0.0,0.12698412698412698,0.0,0.0,0.0,0.1111111111111111,0.031746031746031744,0.031746031746031744,0.0,0.031746031746031744,0.0,0.12698412698412698,0.0,0.14285714285714285
0.07291666666666667,0.4375,0.25,0.07142857142857142,0.1875,0.1875,0.0,0.0,0.0,0.11764705882352941,0.25,0.1875,0.07272727272727272,0.05454545454545454,0.00909090909090909,0.01818181818181818,0.00909090909090909,0.045454545454545456,0.02727272727272727,0.0,0.0,0.00909090909090909,0.00909090909090909,0.01818181818181818,0.14545454545454545,0.00909090909090909,0.0,0.00909090909090909,0.07272727272727272,0.045454545454545456,0.01818181818181818,0.01818181818181818,0.0,0.0,0.06363636363636363,0.02727272727272727,0.08181818181818182
0.2013888888888889,1.2608695652173914,0.6086956521739131,0.15,0.5217391304347826,0.43478260869565216,0.0,0.0,0.0,0.25,0.5217391304347826,0.43478260869565216,0.017341040462427744,0.017341040462427744,0.0,0.0,0.0,0.017341040462427744,0.0,0.0,0.0,0.0,0.0,0.0,0.2023121387283237,0.0,0.0,0.0,0.017341040462427744,0.0,0.0,0.0,0.005780346820809248,0.0,0.017341040462427744,0.0,0.017341040462427744
0.06956521739130435,0.36363636363636365,0.18181818181818182,0.04,0.09090909090909091,0.09090909090909091,0.0,0.0,0.0,0.11428571428571428,0.18181818181818182,0.13636363636363635,0.07936507936507936,0.07142857142857142,0.0,0.0,0.007936507936507936,0.10317460317460317,0.031746031746031744,0.031746031746031744,0.0,0.007936507936507936,0.03968253968253968,0.0,0.09523809523809523,0.023809523809523808,0.015873015873015872,0.007936507936507936,0.07142857142857142,0.031746031746031744,0.031746031746031744,0.0,0.031746031746031744,0.007936507936507936,0.12698412698412698,0.0,0.1111111111111111
0.14634146341463414,0.8275862068965517,0.2413793103448276,0.10526315789473684,0.27586206896551724,0.20689655172413793,0.037037037037037035,0.034482758620689655,0.034482758620689655,0.14285714285714285,0.2413793103448276,0.1724137931034483,0.07179487179487179,0.07179487179487179,0.0,0.015384615384615385,0.0,0.10256410256410256,0.03076923076923077,0.020512820512820513,0.005128205128205128,0.0,0.015384615384615385,0.0,0.14871794871794872,0.005128205128205128,0.0,0.005128205128205128,0.08717948717948718,0.03076923076923077,0.03076923076923077,0.0,0.035897435897435895,0.0,0.11794871794871795,0.005128205128205128,0.11794871794871795
0.13100436681222707,0.47619047619047616,0.2222222222222222,0.1,0.12698412698412698,0.1111111111111111,0.16666666666666666,0.07936507936507936,0.07936507936507936,0.1,0.1111111111111111,0.1111111111111111,0.09523809523809523,0.07936507936507936,0.011904761904761904,0.003968253968253968,0.003968253968253968,0.0873015873015873,0.01984126984126984,0.007936507936507936,0.0,0.003968253968253968,0.003968253968253968,0.0,0.07936507936507936,0.0,0.0,0.0,0.0992063492063492,0.027777777777777776,0.011904761904761904,0.0,0.007936507936507936,0.0,0.09523809523809523,0.011904761904761904,0.10317460317460317
0.08653846153846154,0.47368421052631576,0.21052631578947367,0.046511627906976744,0.10526315789473684,0.10526315789473684,0.0625,0.05263157894736842,0.05263157894736842,0.08571428571428572,0.15789473684210525,0.05263157894736842,0.09649122807017543,0.07894736842105263,0.008771929824561403,0.008771929824561403,0.008771929824561403,0.08771929824561403,0.017543859649122806,0.017543859649122806,0.0,0.008771929824561403,0.017543859649122806,0.0,0.10526315789473684,0.017543859649122806,0.008771929824561403,0.008771929824561403,0.08771929824561403,0.017543859649122806,0.008771929824561403,0.0,0.017543859649122806,0.0,0.10526315789473684,0.008771929824561403,0.10526315789473684
0.10526315789473684,0.43243243243243246,0.2972972972972973,0.03636363636363636,0.05405405405405406,0.05405405405405406,0.041666666666666664,0.02702702702702703,0.02702702702702703,0.13043478260869565,0.16216216216216217,0.13513513513513514,0.09259259259259259,0.08641975308641975,0.0,0.0,0.006172839506172839,0.10493827160493827,0.018518518518518517,0.018518518518518517,0.0,0.006172839506172839,0.037037037037037035,0.0,0.08641975308641975,0.018518518518518517,0.012345679012345678,0.006172839506172839,0.08641975308641975,0.018518518518518517,0.018518518518518517,0.0,0.018518518518518517,0.0,0.1111111111111111,0.0,0.10493827160493827
0.13705583756345177,0.8181818181818182,0.42424242424242425,0.07228915662650602,0.18181818181818182,0.15151515151515152,0.041666666666666664,0.030303030303030304,0.030303030303030304,0.11320754716981132,0.18181818181818182,0.18181818181818182,0.1013215859030837,0.0881057268722467,0.0,0.0,0.013215859030837005,0.13656387665198239,0.05726872246696035,0.05286343612334802,0.0,0.013215859030837005,0.06167400881057269,0.00881057268722467,0.0881057268722467,0.013215859030837005,0.0,0.013215859030837005,0.0881057268722467,0.06167400881057269,0.05286343612334802,0.004405286343612335,0.05286343612334802,0.0,0.14977973568281938,0.004405286343612335,0.14096916299559473
0.13274336283185842,0.6818181818181818,0.2727272727272727,0.13793103448275862,0.36363636363636365,0.22727272727272727,0.05263157894736842,0.045454545454545456,0.045454545454545456,0.075,0.13636363636363635,0.09090909090909091,0.08,0.08,0.0,0.0,0.0,0.096,0.016,0.024,0.0,0.0,0.024,0.0,0.128,0.008,0.0,0.008,0.096,0.016,0.016,0.0,0.024,0.0,0.104,0.0,0.112
0.10526315789473684,0.5,0.3333333333333333,0.0,0.0,0.0,0.0,0.0,0.0,0.05555555555555555,0.08333333333333333,0.08333333333333333,0.034482758620689655,0.017241379310344827,0.0,0.0,0.017241379310344827,0.017241379310344827,0.0,0.0,0.0,0.017241379310344827,0.017241379310344827,0.017241379310344827,0.10344827586206896,0.017241379310344827,0.017241379310344827,0.0,0.034482758620689655,0.017241379310344827,0.017241379310344827,0.0,0.0,0.0,0.05172413793103448,0.0,0.034482758620689655
0.16666666666666666,0.7941176470588235,0.4411764705882353,0.10112359550561797,0.2647058823529412,0.2647058823529412,0.0,0.0,0.0,0.1694915254237288,0.29411764705882354,0.2647058823529412,0.04519774011299435,0.04519774011299435,0.0,0.0,0.0,0.06779661016949153,0.022598870056497175,0.022598870056497175,0.0,0.0,0.022598870056497175,0.0,0.1807909604519774,0.0,0.0,0.0,0.04519774011299435,0.022598870056497175,0.022598870056497175,0.0,0.022598870056497175,0.0,0.06779661016949153,0.0,0.06779661016949153
0.16352201257861634,0.9454545454545454,0.38181818181818183,0.0916030534351145,0.21818181818181817,0.16363636363636364,0.1276595744680851,0.10909090909090909,0.10909090909090909,0.17857142857142858,0.36363636363636365,0.23636363636363636,0.06685236768802229,0.06406685236768803,0.0,0.005571030640668524,0.002785515320334262,0.07520891364902507,0.019498607242339833,0.011142061281337047,0.005571030640668524,0.011142061281337047,0.025069637883008356,0.002785515320334262,0.08913649025069638,0.016713091922005572,0.005571030640668524,0.011142061281337047,0.06406685236768803,0.016713091922005572,0.016713091922005572,0.0,0.013927576601671309,0.002785515320334262,0.08913649025069638,0.0,0.08356545961002786
0.16083916083916083,1.6428571428571428,0.7142857142857143,0.05555555555555555,0.2857142857142857,0.2857142857142857,0.07142857142857142,0.14285714285714285,0.14285714285714285,0.1956521739130435,0.6428571428571429,0.42857142857142855,0.043209876543209874,0.030864197530864196,0.0,0.012345679012345678,0.012345679012345678,0.04938271604938271,0.024691358024691357,0.030864197530864196,0.0,0.012345679012345678,0.030864197530864196,0.0,0.12962962962962962,0.037037037037037035,0.0,0.037037037037037035,0.043209876543209874,0.024691358024691357,0.024691358024691357,0.0,0.030864197530864196,0.0,0.07407407407407407,0.0,0.06172839506172839
0.13740458015267176,0.782608695652174,0.4782608695652174,0.07142857142857142,0.17391304347826086,0.17391304347826086,0.0,0.0,0.0,0.1702127659574468,0.34782608695652173,0.34782608695652173,0.035211267605633804,0.028169014084507043,0.007042253521126761,0.0,0.0,0.028169014084507043,0.007042253521126761,0.0,0.0,0.0,0.0,0.007042253521126761,0.13380281690140844,0.007042253521126761,0.0,0.007042253521126761,0.035211267605633804,0.007042253521126761,0.0,0.0,0.0,0.0,0.028169014084507043,0.007042253521126761,0.035211267605633804
0.061452513966480445,0.3142857142857143,0.2,0.037037037037037035,0.08571428571428572,0.08571428571428572,0.043478260869565216,0.02857142857142857,0.02857142857142857,0.017857142857142856,0.02857142857142857,0.02857142857142857,0.08040201005025126,0.07537688442211055,0.0,0.010050251256281407,0.005025125628140704,0.08040201005025126,0.03015075376884422,0.01507537688442211,0.005025125628140704,0.005025125628140704,0.01507537688442211,0.010050251256281407,0.11055276381909548,0.005025125628140704,0.0,0.005025125628140704,0.07537688442211055,0.03015075376884422,0.01507537688442211,0.010050251256281407,0.020100502512562814,0.005025125628140704,0.10050251256281408,0.010050251256281407,0.10050251256281408
0.12058823529411765,0.6612903225806451,0.3387096774193548,0.07462686567164178,0.16129032258064516,0.12903225806451613,0.12195121951219512,0.08064516129032258,0.08064516129032258,0.06593406593406594,0.0967741935483871,0.0967741935483871,0.061855670103092786,0.05412371134020619,0.007731958762886598,0.0,0.0,0.07989690721649484,0.03350515463917526,0.030927835051546393,0.0,0.0,0.028350515463917526,0.002577319587628866,0.10051546391752578,0.002577319587628866,0.0,0.002577319587628866,0.06443298969072164,0.04639175257731959,0.03350515463917526,0.002577319587628866,0.03608247422680412,0.0,0.08762886597938144,0.010309278350515464,0.0979381443298969
0.10230179028132992,0.6153846153846154,0.3230769230769231,0.05851063829787234,0.16923076923076924,0.16923076923076924,0.057971014492753624,0.06153846153846154,0.06153846153846154,0.12408759124087591,0.26153846153846155,0.26153846153846155,0.03764705882352941,0.02823529411764706,0.0,0.007058823529411765,0.009411764705882352,0.03764705882352941,0.018823529411764704,0.011764705882352941,0.002352941176470588,0.009411764705882352,0.01411764705882353,0.002352941176470588,0.09647058823529411,0.007058823529411765,0.002352941176470588,0.004705882352941176,0.02823529411764706,0.02588235294117647,0.023529411764705882,0.002352941176470588,0.01647058823529412,0.0,0.06352941176470588,0.002352941176470588,0.05647058823529412
0.1388888888888889,0.625,0.4375,0.0625,0.125,0.0625,0.07142857142857142,0.0625,0.0625,0.08333333333333333,0.125,0.125,0.10975609756097561,0.0975609756097561,0.0,0.0,0.012195121951219513,0.0975609756097561,0.0,0.0,0.0,0.012195121951219513,0.0,0.012195121951219513,0.13414634146341464,0.024390243902439025,0.0,0.024390243902439025,0.0975609756097561,0.012195121951219513,0.0,0.0,0.0,0.0,0.10975609756097561,0.0,0.0975609756097561
0.10610932475884244,0.6470588235294118,0.39215686274509803,0.034482758620689655,0.09803921568627451,0.0784313725490196,0.0,0.0,0.0,0.061224489795918366,0.11764705882352941,0.11764705882352941,0.08882521489971347,0.0830945558739255,0.0,0.014326647564469915,0.0057306590257879654,0.08022922636103152,0.014326647564469915,0.0028653295128939827,0.0,0.0057306590257879654,0.011461318051575931,0.02005730659025788,0.15472779369627507,0.025787965616045846,0.008595988538681949,0.017191977077363897,0.09742120343839542,0.025787965616045846,0.017191977077363897,0.008595988538681949,0.008595988538681949,0.0,0.09455587392550144,0.008595988538681949,0.11461318051575932
0.16455696202531644,1.1818181818181819,0.45454545454545453,0.06896551724137931,0.18181818181818182,0.18181818181818182,0.09090909090909091,0.09090909090909091,0.09090909090909091,0.09090909090909091,0.18181818181818182,0.18181818181818182,0.06,0.06,0.0,0.0,0.0,0.07,0.01,0.02,0.0,0.01,0.02,0.0,0.12,0.0,0.0,0.0,0.07,0.02,0.02,0.0,0.02,0.01,0.09,0.0,0.09
0.10714285714285714,0.5714285714285714,0.38095238095238093,0.05434782608695652,0.11904761904761904,0.11904761904761904,0.07142857142857142,0.047619047619047616,0.047619047619047616,0.1,0.19047619047619047,0.19047619047619047,0.06746031746031746,0.06349206349206349,0.003968253968253968,0.003968253968253968,0.0,0.07936507936507936,0.027777777777777776,0.027777777777777776,0.0,0.0,0.023809523809523808,0.011904761904761904,0.11507936507936507,0.003968253968253968,0.0,0.003968253968253968,0.07539682539682539,0.03571428571428571,0.023809523809523808,0.003968253968253968,0.027777777777777776,0.0,0.09126984126984126,0.007936507936507936,0.0992063492063492
0.14388489208633093,0.7843137254901961,0.39215686274509803,0.1111111111111111,0.2549019607843137,0.19607843137254902,0.14634146341463414,0.11764705882352941,0.11764705882352941,0.10256410256410256,0.1568627450980392,0.13725490196078433,0.07547169811320754,0.06289308176100629,0.0,0.0031446540880503146,0.012578616352201259,0.07547169811320754,0.018867924528301886,0.025157232704402517,0.0,0.015723270440251572,0.015723270440251572,0.012578616352201259,0.12264150943396226,0.009433962264150943,0.0,0.009433962264150943,0.07232704402515723,0.0220125786163522,0.0220125786163522,0.0,0.025157232704402517,0.0031446540880503146,0.10377358490566038,0.0,0.09119496855345911
0.08264462809917356,0.45454545454545453,0.36363636363636365,0.017543859649122806,0.045454545454545456,0.045454545454545456,0.0,0.0,0.0,0.025,0.045454545454545456,0.045454545454545456,0.08208955223880597,0.08208955223880597,0.0,0.007462686567164179,0.0,0.09701492537313433,0.022388059701492536,0.03731343283582089,0.0,0.0,0.029850746268656716,0.0,0.1417910447761194,0.014925373134328358,0.014925373134328358,0.0,0.09701492537313433,0.029850746268656716,0.029850746268656716,0.0,0.03731343283582089,0.0,0.11940298507462686,0.0,0.11940298507462686
0.08333333333333333,0.34375,0.15625,0.07272727272727272,0.125,0.0625,0.09523809523809523,0.0625,0.0625,0.07894736842105263,0.09375,0.0625,0.051094890510948905,0.0364963503649635,0.0,0.0,0.014598540145985401,0.029197080291970802,0.0072992700729927005,0.0,0.0,0.014598540145985401,0.0,0.0072992700729927005,0.0948905109489051,0.0072992700729927005,0.0,0.0072992700729927005,0.0364963503649635,0.0072992700729927005,0.0,0.0072992700729927005,0.0,0.0,0.043795620437956206,0.0072992700729927005,0.0364963503649635
0.14942528735632185,1.0833333333333333,0.5833333333333334,0.10810810810810811,0.3333333333333333,0.3333333333333333,0.125,0.16666666666666666,0.16666666666666666,0.22580645161290322,0.5833333333333334,0.5,0.037037037037037035,0.037037037037037035,0.0,0.037037037037037035,0.009259259259259259,0.05555555555555555,0.06481481481481481,0.027777777777777776,0.037037037037037035,0.009259259259259259,0.027777777777777776,0.009259259259259259,0.1574074074074074,0.018518518518518517,0.0,0.018518518518518517,0.05555555555555555,0.046296296296296294,0.037037037037037035,0.009259259259259259,0.05555555555555555,0.0,0.10185185185185185,0.009259259259259259,0.1111111111111111
0.07462686567164178,0.30612244897959184,0.24489795918367346,0.02197802197802198,0.04081632653061224,0.04081632653061224,0.03225806451612903,0.02040816326530612,0.02040816326530612,0.03225806451612903,0.04081632653061224,0.04081632653061224,0.1091703056768559,0.10043668122270742,0.0,0.008733624454148471,0.008733624454148471,0.1091703056768559,0.017467248908296942,0.008733624454148471,0.004366812227074236,0.008733624454148471,0.013100436681222707,0.0,0.1615720524017467,0.013100436681222707,0.0,0.013100436681222707,0.10043668122270742,0.013100436681222707,0.013100436681222707,0.0,0.017467248908296942,0.0,0.12663755458515283,0.0,0.11790393013100436
0.075,0.3103448275862069,0.27586206896551724,0.0,0.0,0.0,0.0,0.0,0.0,0.07894736842105263,0.10344827586206896,0.06896551724137931,0.06766917293233082,0.06766917293233082,0.0,0.0,0.0,0.09774436090225563,0.03759398496240601,0.03007518796992481,0.0,0.0,0.03759398496240601,0.0,0.10526315789473684,0.0,0.0,0.0,0.06766917293233082,0.045112781954887216,0.03759398496240601,0.0,0.03759398496240601,0.0,0.11278195488721804,0.0,0.10526315789473684
0.08163265306122448,0.35555555555555557,0.15555555555555556,0.025974025974025976,0.044444444444444446,0.044444444444444446,0.08,0.044444444444444446,0.044444444444444446,0.0,0.0,0.0,0.11467889908256881,0.11467889908256881,0.0,0.0,0.0,0.12385321100917432,0.009174311926605505,0.009174311926605505,0.0,0.0,0.009174311926605505,0.0045871559633027525,0.13302752293577982,0.013761467889908258,0.0,0.013761467889908258,0.11467889908256881,0.009174311926605505,0.009174311926605505,0.0,0.009174311926605505,0.0,0.12385321100917432,0.0,0.12385321100917432
0.15517241379310345,0.9,0.4,0.10112359550561797,0.225,0.2,0.125,0.1,0.1,0.16666666666666666,0.275,0.2,0.050980392156862744,0.050980392156862744,0.0,0.00392156862745098,0.0,0.06666666666666667,0.0196078431372549,0.011764705882352941,0.00784313725490196,0.00784313725490196,0.0196078431372549,0.0,0.10588235294117647,0.00784313725490196,0.0,0.00784313725490196,0.054901960784313725,0.0196078431372549,0.0196078431372549,0.0,0.011764705882352941,0.0,0.07450980392156863,0.0,0.07450980392156863
0.21232876712328766,1.3478260869565217,0.7391304347826086,0.14473684210526316,0.4782608695652174,0.30434782608695654,0.14814814814814814,0.17391304347826086,0.17391304347826086,0.13725490196078433,0.30434782608695654,0.2608695652173913,0.023668639053254437,0.01775147928994083,0.0,0.011834319526627219,0.005917159763313609,0.04142011834319527,0.03550295857988166,0.023668639053254437,0.0,0.005917159763313609,0.023668639053254437,0.005917159763313609,0.1834319526627219,0.0,0.0,0.0,0.01775147928994083,0.03550295857988166,0.03550295857988166,0.0,0.03550295857988166,0.011834319526627219,0.07100591715976332,0.0,0.05325443786982249
0.19248826291079812,1.1714285714285715,0.4857142857142857,0.08791208791208792,0.22857142857142856,0.2,0.0,0.0,0.0,0.20588235294117646,0.4,0.3142857142857143,0.10212765957446808,0.07659574468085106,0.0,0.00851063829787234,0.02553191489361702,0.09361702127659574,0.02553191489361702,0.02127659574468085,0.00851063829787234,0.029787234042553193,0.02127659574468085,0.00425531914893617,0.1574468085106383,0.00851063829787234,0.0,0.00851063829787234,0.08085106382978724,0.02553191489361702,0.02553191489361702,0.0,0.02127659574468085,0.00425531914893617,0.1276595744680851,0.0,0.10212765957446808
0.021739130434782608,0.08333333333333333,0.08333333333333333,0.0,0.0,0.0,0.0,0.0,0.0,0.0,0.0,0.0,0.0673076923076923,0.0673076923076923,0.0,0.0,0.0,0.07692307692307693,0.0,0.0,0.0,0.0,0.0,0.0,0.11538461538461539,0.009615384615384616,0.0,0.009615384615384616,0.07692307692307693,0.0,0.0,0.0,0.0,0.0,0.08653846153846154,0.0,0.08653846153846154
0.08620689655172414,0.3333333333333333,0.23333333333333334,0.04,0.06666666666666667,0.06666666666666667,0.0,0.0,0.0,0.05555555555555555,0.06666666666666667,0.06666666666666667,0.09375,0.09375,0.0,0.0078125,0.0,0.140625,0.0546875,0.0546875,0.0,0.0,0.046875,0.0,0.078125,0.0,0.0,0.0,0.09375,0.046875,0.046875,0.0,0.0625,0.0,0.15625,0.0,0.1484375
0.11538461538461539,0.4090909090909091,0.22727272727272727,0.05263157894736842,0.09090909090909091,0.09090909090909091,0.0625,0.045454545454545456,0.045454545454545456,0.0967741935483871,0.13636363636363635,0.13636363636363635,0.07777777777777778,0.07777777777777778,0.0,0.0,0.0,0.1,0.03333333333333333,0.03333333333333333,0.0,0.0,0.022222222222222223,0.0,0.05555555555555555,0.0,0.0,0.0,0.08888888888888889,0.022222222222222223,0.022222222222222223,0.0,0.044444444444444446,0.011111111111111112,0.13333333333333333,0.0,0.1111111111111111
0.1,0.4444444444444444,0.3888888888888889,0.030303030303030304,0.05555555555555555,0.05555555555555555,0.0,0.0,0.0,0.08333333333333333,0.1111111111111111,0.1111111111111111,0.07228915662650602,0.060240963855421686,0.012048192771084338,0.0,0.0,0.060240963855421686,0.03614457831325301,0.012048192771084338,0.0,0.0,0.012048192771084338,0.012048192771084338,0.13253012048192772,0.024096385542168676,0.0,0.024096385542168676,0.07228915662650602,0.03614457831325301,0.012048192771084338,0.012048192771084338,0.012048192771084338,0.0,0.060240963855421686,0.024096385542168676,0.08433734939759036
0.07920792079207921,0.3404255319148936,0.23404255319148937,0.03225806451612903,0.06382978723404255,0.06382978723404255,0.04,0.02127659574468085,0.02127659574468085,0.06756756756756757,0.10638297872340426,0.10638297872340426,0.07834101382488479,0.06451612903225806,0.0,0.013824884792626729,0.013824884792626729,0.07834101382488479,0.027649769585253458,0.03686635944700461,0.013824884792626729,0.027649769585253458,0.027649769585253458,0.0,0.1152073732718894,0.009216589861751152,0.009216589861751152,0.0,0.08755760368663594,0.04608294930875576,0.041474654377880185,0.0,0.03686635944700461,0.0,0.12903225806451613,0.0,0.1152073732718894
0.13705179282868526,0.6370370370370371,0.35185185185185186,0.09572649572649573,0.2074074074074074,0.16296296296296298,0.10679611650485436,0.08148148148148149,0.07777777777777778,0.20941176470588235,0.3296296296296296,0.2814814814814815,0.028941355674028942,0.022086824067022087,0.003808073115003808,0.005331302361005331,0.0030464584920030465,0.0297029702970297,0.01827875095201828,0.008377760853008377,0.003808073115003808,0.00913937547600914,0.011424219345011425,0.003808073115003808,0.05026656511805026,0.015993907083015995,0.002284843869002285,0.013709063214013708,0.03274942878903275,0.019801980198019802,0.00913937547600914,0.006092916984006093,0.015993907083015995,0.005331302361005331,0.05178979436405179,0.009900990099009901,0.05178979436405179
0.17857142857142858,0.9210526315789473,0.5263157894736842,0.10989010989010989,0.2631578947368421,0.21052631578947367,0.043478260869565216,0.02631578947368421,0.02631578947368421,0.2054794520547945,0.39473684210526316,0.34210526315789475,0.05,0.03636363636363636,0.00909090909090909,0.0,0.004545454545454545,0.04090909090909091,0.004545454545454545,0.00909090909090909,0.0,0.004545454545454545,0.004545454545454545,0.0,0.14545454545454545,0.00909090909090909,0.00909090909090909,0.0,0.05,0.01818181818181818,0.00909090909090909,0.0,0.00909090909090909,0.0,0.05,0.00909090909090909,0.05454545454545454
0.11956521739130435,0.4489795918367347,0.22448979591836735,0.05154639175257732,0.10204081632653061,0.08163265306122448,0.0,0.0,0.0,0.16129032258064516,0.20408163265306123,0.20408163265306123,0.10582010582010581,0.09523809523809523,0.005291005291005291,0.005291005291005291,0.005291005291005291,0.12169312169312169,0.037037037037037035,0.037037037037037035,0.0,0.005291005291005291,0.031746031746031744,0.005291005291005291,0.07407407407407407,0.010582010582010581,0.005291005291005291,0.005291005291005291,0.1164021164021164,0.042328042328042326,0.031746031746031744,0.005291005291005291,0.037037037037037035,0.0,0.13227513227513227,0.010582010582010581,0.14814814814814814
0.0949367088607595,0.45454545454545453,0.25757575757575757,0.06349206349206349,0.12121212121212122,0.10606060606060606,0.10204081632653061,0.07575757575757576,0.07575757575757576,0.10638297872340426,0.15151515151515152,0.12121212121212122,0.08831908831908832,0.08547008547008547,0.0,0.002849002849002849,0.002849002849002849,0.08831908831908832,0.017094017094017096,0.011396011396011397,0.0,0.002849002849002849,0.014245014245014245,0.005698005698005698,0.08262108262108261,0.002849002849002849,0.002849002849002849,0.0,0.08831908831908832,0.019943019943019943,0.014245014245014245,0.005698005698005698,0.019943019943019943,0.0,0.09971509971509972,0.005698005698005698,0.10256410256410256
0.08287292817679558,0.3,0.2,0.02564102564102564,0.04,0.02,0.0,0.0,0.0,0.05172413793103448,0.06,0.04,0.13978494623655913,0.12365591397849462,0.005376344086021506,0.0,0.010752688172043012,0.16666666666666666,0.04838709677419355,0.043010752688172046,0.0,0.010752688172043012,0.043010752688172046,0.005376344086021506,0.11827956989247312,0.0,0.0,0.0,0.13440860215053763,0.053763440860215055,0.043010752688172046,0.005376344086021506,0.043010752688172046,0.0,0.1774193548387097,0.010752688172043012,0.1774193548387097
